make,model,year,fuel,mpg,co2,range_miles
Mercedes,C Class,2008,Hybrid,31.3,177,
Skoda,Scala,2010,Diesel,24.5,187,
Kia,Ceed,2014,Hybrid,51.8,162,
BMW,3 Series,2013,Hybrid,36.7,188,
Audi,A4,2010,Petrol,37.2,174,
Toyota,Yaris,2011,Electric,,0,216
Ford,Puma,2019,Diesel,52.5,156,
BMW,3 Series,2015,Hybrid,40.9,181,
Volkswagen,Polo,2019,Petrol,41.3,177,
Kia,Sportage,2013,Diesel,35.2,176,
Peugeot,3008,2015,Hybrid,59.6,149,
Toyota,Camry,2020,Petrol,39.6,183,
Audi,A4,2023,Petrol,65.7,143,
Honda,Jazz,2016,Hybrid,43.9,168,
Volkswagen,Passat,2023,Petrol,29.2,190,
Renault,Megane,2021,Diesel,44.6,170,
BMW,5 Series,2008,Hybrid,31.4,190,
Renault,Megane,2018,Petrol,44.3,180,
Peugeot,3008,2016,Electric,,0,315
Volkswagen,Passat,2011,Hybrid,37.3,181,
Volkswagen,Polo,2013,Diesel,54.6,149,
Audi,A3,2008,Petrol,40.3,181,
Honda,Civic,2015,Hybrid,59.3,154,
Ford,Fiesta,2012,Hybrid,57.7,157,
Kia,Niro,2014,Electric,,0,313
Skoda,Scala,2014,Hybrid,42.4,170,
Peugeot,3008,2022,Petrol,37.2,180,
Honda,Jazz,2015,Petrol,50.4,155,
Toyota,Camry,2010,Diesel,35.3,181,
Skoda,Scala,2023,Petrol,47.9,159,
Mercedes,A Class,2019,Diesel,47.6,171,
Mercedes,C Class,2009,Diesel,39.2,171,
Honda,Jazz,2022,Petrol,36.4,187,
Ford,Fiesta ST,2011,Petrol,62.9,160,
Peugeot,208,2013,Diesel,46.0,177,
Volkswagen,Polo,2008,Electric,,0,187
Peugeot,308,2017,Diesel,66.5,147,
Skoda,Fabia,2012,Petrol,31.4,190,
Toyota,Camry,2009,Petrol,44.2,172,
Toyota,Corolla,2013,Petrol,31.3,183,
Peugeot,3008,2015,Diesel,26.2,194,
Kia,Sportage,2018,Electric,,0,172
Mercedes,E Class,2018,Petrol,44.1,167,
Audi,A4,2008,Diesel,61.7,143,
Honda,Jazz,2016,Petrol,37.9,173,
BMW,3 Series,2022,Hybrid,57.6,166,
Mercedes,E Class,2008,Hybrid,46.4,161,
Peugeot,208,2016,Petrol,31.9,180,
Kia,Ceed,2018,Petrol,50.6,164,
Peugeot,208,2010,Diesel,51.6,159,
Volkswagen,Passat,2016,Petrol,45.1,171,
Ford,Focus,2012,Diesel,56.3,151,
Volkswagen,Golf,2017,Petrol,65.4,138,
Audi,A4,2015,Hybrid,40.5,182,
Kia,Sportage,2012,Electric,,0,180
Volvo,V40,2013,Hybrid,29.0,184,
Peugeot,308,2015,Petrol,53.6,168,
Volvo,XC40,2015,Petrol,59.8,160,
Volvo,V40,2015,Petrol,33.3,190,
Renault,Clio,2019,Diesel,46.6,169,
Toyota,Corolla,2016,Petrol,61.6,144,
Tesla,Model S,2018,Diesel,62.9,158,
Honda,Accord,2009,Hybrid,28.1,189,
Skoda,Scala,2014,Petrol,30.5,183,
Audi,Q3,2011,Hybrid,35.4,179,
Tesla,Model Y,2017,Diesel,36.0,177,
Skoda,Octavia,2017,Diesel,57.7,150,
Renault,Megane,2018,Diesel,43.1,172,
Peugeot,3008,2013,Hybrid,37.8,180,
Ford,Fiesta,2017,Petrol,32.5,179,
Nissan,Micra,2010,Diesel,56.7,161,
Tesla,Model S,2020,Petrol,51.0,168,
Renault,Zoe,2021,Petrol,61.5,151,
Hyundai,Ioniq,2011,Diesel,55.0,169,
Kia,Niro,2022,Diesel,57.6,163,
Hyundai,Kona,2013,Hybrid,42.2,168,
Mercedes,A Class,2024,Diesel,39.2,181,
Honda,Accord,2018,Petrol,46.3,163,
Skoda,Octavia,2014,Petrol,41.9,172,
Honda,Accord,2020,Electric,,0,269
Skoda,Octavia,2020,Diesel,63.8,147,
Peugeot,308,2015,Diesel,37.1,176,
Mercedes,E Class,2020,Hybrid,63.6,159,
Hyundai,Ioniq,2020,Diesel,51.8,161,
Volvo,XC40,2013,Petrol,38.5,174,
Renault,Clio,2016,Hybrid,56.7,149,
Toyota,Corolla,2019,Petrol,33.9,173,
Toyota,Prius,2014,Hybrid,47.8,166,
Ford,Fiesta,2022,Hybrid,57.5,158,
Skoda,Scala,2011,Hybrid,30.7,187,
Peugeot,308,2020,Petrol,53.7,164,
Mercedes,C Class,2011,Hybrid,37.7,184,
Renault,Megane,2009,Petrol,39.3,176,
Audi,A4,2021,Hybrid,36.0,183,
Volvo,XC40,2012,Diesel,55.0,154,
Renault,Megane,2023,Diesel,63.0,147,
Honda,Civic,2016,Hybrid,36.4,182,
Tesla,Model S,2008,Diesel,36.0,177,
BMW,1 Series,2016,Hybrid,52.1,152,
Honda,Civic,2015,Hybrid,46.6,172,
Mercedes,E Class,2023,Diesel,29.1,186,
Honda,Accord,2019,Diesel,48.2,171,
Audi,A3,2022,Petrol,37.0,173,
Ford,Fiesta,2014,Petrol,45.8,179,
Hyundai,Tucson,2017,Electric,,0,169
BMW,3 Series,2019,Petrol,29.2,183,
Toyota,Camry,2012,Diesel,50.5,154,
BMW,1 Series,2023,Diesel,34.3,191,
Nissan,Leaf,2010,Diesel,29.1,179,
Volkswagen,Passat,2017,Petrol,37.5,177,
Kia,Sportage,2015,Hybrid,43.6,167,
Kia,Niro,2017,Diesel,32.9,175,
Renault,Zoe,2014,Petrol,28.4,189,
Volkswagen,Golf,2021,Diesel,50.9,158,
Skoda,Fabia,2022,Petrol,37.1,185,
Kia,Sportage,2014,Diesel,47.5,175,
Volvo,V40,2010,Petrol,53.6,167,
Peugeot,308,2022,Petrol,57.6,165,
Hyundai,Tucson,2023,Diesel,55.7,163,
Kia,Niro,2008,Petrol,59.5,156,
Toyota,Camry,2009,Hybrid,31.6,184,
BMW,3 Series,2021,Diesel,45.7,166,
Audi,A3,2011,Hybrid,38.7,173,
Tesla,Model Y,2009,Diesel,35.1,190,
Tesla,Model Y,2008,Hybrid,42.9,166,
Audi,Q3,2023,Diesel,58.0,157,
Peugeot,308,2022,Hybrid,45.6,172,
Renault,Zoe,2013,Petrol,26.6,185,
Volvo,V40,2022,Electric,,0,285
Volvo,V40,2023,Electric,,0,194
Hyundai,Tucson,2016,Diesel,45.2,169,
Volkswagen,Polo,2014,Electric,,0,250
Skoda,Octavia,2010,Petrol,52.5,170,
Hyundai,Kona,2008,Petrol,35.8,190,
Nissan,Leaf,2022,Diesel,43.2,173,
Nissan,Qashqai,2014,Electric,,0,181
Kia,Niro,2015,Hybrid,41.2,174,
Peugeot,308,2020,Electric,,0,322
Volvo,S60,2012,Diesel,27.7,191,
Volvo,V40,2022,Petrol,62.2,144,
Volvo,S60,2012,Petrol,52.5,164,
Tesla,Model Y,2010,Hybrid,57.3,154,
Audi,Q3,2023,Hybrid,28.5,191,
Peugeot,308,2015,Hybrid,40.7,177,
Volvo,V40,2022,Petrol,38.3,174,
Toyota,Camry,2019,Petrol,34.2,183,
Renault,Zoe,2013,Petrol,47.7,171,
Nissan,Micra,2012,Petrol,48.6,169,
Peugeot,308,2017,Hybrid,33.4,180,
Kia,Niro,2021,Hybrid,45.6,179,
Volvo,XC40,2011,Petrol,46.5,178,
BMW,3 Series,2020,Petrol,51.6,168,
Toyota,Yaris,2017,Hybrid,38.3,172,
Honda,Jazz,2016,Hybrid,55.1,166,
Mercedes,C Class,2009,Petrol,41.0,179,
Ford,Puma,2018,Hybrid,32.6,184,
Audi,Q3,2024,Electric,,0,162
BMW,1 Series,2017,Hybrid,38.2,187,
Volkswagen,Golf,2020,Electric,,0,325
Hyundai,Kona,2010,Hybrid,26.5,189,
Mercedes,E Class,2016,Diesel,60.5,145,
Honda,Accord,2008,Diesel,55.9,160,
Mercedes,C Class,2022,Electric,,0,197
Mercedes,A Class,2011,Petrol,57.9,156,
Ford,Fiesta,2012,Petrol,42.2,177,
Hyundai,Kona,2012,Hybrid,51.5,165,
BMW,3 Series,2019,Petrol,43.8,169,
Mercedes,A Class,2019,Petrol,41.8,183,
Volvo,XC40,2010,Hybrid,48.5,157,
Renault,Clio,2015,Electric,,0,321
Kia,Ceed,2010,Hybrid,45.4,176,
Honda,Accord,2012,Hybrid,46.0,179,
Volkswagen,Passat,2016,Hybrid,33.8,175,
Audi,A4,2018,Petrol,35.9,178,
Ford,Focus,2023,Diesel,44.6,169,
Honda,Jazz,2009,Hybrid,57.4,152,
Mercedes,C Class,2009,Electric,,0,222
Tesla,Model Y,2011,Diesel,55.2,150,
Kia,Ceed,2010,Petrol,47.8,171,
Tesla,Model Y,2024,Petrol,49.8,171,
Ford,Fiesta,2021,Diesel,37.0,178,
Tesla,Model Y,2011,Petrol,35.5,190,
Mercedes,A Class,2010,Petrol,28.3,193,
Audi,A4,2009,Diesel,43.6,164,
Audi,Q3,2021,Hybrid,59.9,156,
Audi,A4,2024,Petrol,54.6,152,
Volvo,S60,2019,Petrol,37.4,177,
Hyundai,Tucson,2008,Diesel,48.5,157,
BMW,5 Series,2017,Electric,,0,209
Toyota,Prius,2012,Diesel,38.4,180,
Toyota,Corolla,2024,Petrol,45.8,167,
Skoda,Fabia,2010,Hybrid,32.7,175,
Ford,Puma,2022,Hybrid,48.1,162,
Renault,Megane,2011,Petrol,31.0,187,
Hyundai,Tucson,2017,Petrol,43.2,162,
BMW,3 Series,2012,Hybrid,34.3,182,
Tesla,Model 3,2012,Petrol,51.2,170,
Renault,Clio,2010,Petrol,50.9,163,
Ford,Puma,2021,Diesel,56.1,150,
Toyota,Camry,2013,Hybrid,50.7,172,
Ford,Fiesta ST,2011,Petrol,46.7,166,
BMW,5 Series,2018,Petrol,55.0,162,
Hyundai,Tucson,2014,Electric,,0,209
Audi,Q3,2012,Petrol,29.7,189,
Renault,Megane,2010,Petrol,52.4,167,
Renault,Megane,2022,Hybrid,64.8,158,
Audi,Q3,2018,Petrol,30.4,182,
BMW,5 Series,2009,Petrol,27.8,180,
Audi,A3,2010,Diesel,57.0,159,
Tesla,Model S,2009,Diesel,53.9,157,
Nissan,Micra,2012,Electric,,0,235
Ford,Puma,2010,Diesel,30.2,185,
Nissan,Micra,2024,Diesel,47.1,165,
Renault,Clio,2009,Hybrid,44.9,162,
Mercedes,A Class,2017,Petrol,62.4,153,
Volkswagen,Polo,2010,Diesel,29.8,196,
Skoda,Scala,2020,Petrol,53.5,162,
Mercedes,A Class,2012,Hybrid,57.0,161,
Hyundai,Ioniq,2021,Diesel,28.7,197,
Audi,A3,2014,Petrol,29.4,194,
Ford,Focus,2018,Hybrid,52.0,155,
Volkswagen,Passat,2013,Hybrid,27.4,194,
Nissan,Micra,2017,Hybrid,55.5,153,
Renault,Clio,2014,Petrol,64.0,148,
BMW,1 Series,2024,Diesel,70.6,148,
Volkswagen,Polo,2009,Diesel,55.5,151,
Volvo,S60,2011,Petrol,51.3,171,
Volkswagen,Polo,2010,Electric,,0,176
Volvo,XC40,2019,Electric,,0,226
Toyota,Yaris,2024,Petrol,42.9,167,
Audi,A4,2018,Hybrid,32.1,191,
Skoda,Octavia,2023,Diesel,27.4,184,
Volvo,V40,2024,Diesel,59.5,146,
Honda,Accord,2022,Petrol,62.2,152,
Mercedes,E Class,2015,Hybrid,34.9,178,
Kia,Niro,2013,Hybrid,32.6,175,
Hyundai,Tucson,2024,Hybrid,47.4,175,
Toyota,Yaris,2019,Petrol,30.8,183,
Skoda,Scala,2011,Hybrid,50.7,155,
Hyundai,Kona,2013,Hybrid,54.0,160,
Volkswagen,Golf,2010,Hybrid,55.5,152,
Renault,Zoe,2009,Petrol,35.4,187,
Nissan,Qashqai,2009,Hybrid,31.1,191,
Volvo,S60,2018,Petrol,57.9,154,
Nissan,Qashqai,2018,Electric,,0,247
Skoda,Fabia,2019,Electric,,0,252
BMW,3 Series,2021,Petrol,54.4,161,
Audi,A4,2010,Petrol,35.6,185,
Volkswagen,Passat,2022,Petrol,33.3,180,
Tesla,Model S,2009,Petrol,46.4,174,
Mercedes,C Class,2008,Petrol,47.3,158,
Ford,Fiesta,2019,Petrol,61.8,145,
Nissan,Qashqai,2019,Diesel,29.2,185,
Audi,Q3,2016,Petrol,33.2,183,
Tesla,Model Y,2011,Petrol,34.8,191,
BMW,5 Series,2023,Petrol,32.5,177,
Skoda,Fabia,2010,Hybrid,62.0,155,
Skoda,Octavia,2017,Hybrid,60.8,161,
Mercedes,C Class,2019,Diesel,31.3,178,
Renault,Clio,2008,Petrol,44.2,181,
Volkswagen,Passat,2010,Petrol,40.8,174,
Tesla,Model S,2010,Petrol,34.2,181,
Hyundai,Kona,2012,Hybrid,54.7,153,
Volkswagen,Polo,2024,Electric,,0,134
Volvo,V40,2024,Petrol,35.5,185,
Audi,Q3,2017,Hybrid,38.0,179,
Volkswagen,Passat,2017,Diesel,32.2,186,
Kia,Ceed,2013,Hybrid,53.0,168,
Kia,Ceed,2008,Petrol,58.7,150,
Honda,Jazz,2021,Diesel,32.6,185,
Mercedes,A Class,2023,Petrol,61.1,151,
Skoda,Octavia,2013,Diesel,42.2,175,
Audi,Q3,2018,Hybrid,63.4,142,
Audi,Q3,2011,Petrol,40.9,169,
Ford,Focus,2017,Electric,,0,277
Tesla,Model 3,2013,Hybrid,61.3,146,
Volkswagen,Polo,2024,Diesel,65.1,140,
Tesla,Model Y,2022,Electric,,0,175
Kia,Niro,2009,Petrol,44.6,174,
Nissan,Qashqai,2008,Hybrid,42.0,178,
Renault,Clio,2019,Petrol,30.8,183,
BMW,3 Series,2020,Diesel,56.8,167,
Mercedes,E Class,2011,Petrol,28.7,198,
Hyundai,Kona,2012,Petrol,44.3,162,
Volkswagen,Passat,2018,Hybrid,45.6,177,
Volkswagen,Polo,2018,Petrol,66.9,142,
Audi,Q3,2024,Diesel,57.1,163,
Audi,A3,2011,Electric,,0,269
BMW,5 Series,2008,Diesel,35.1,190,
Kia,Sportage,2015,Hybrid,46.6,171,
Kia,Niro,2012,Hybrid,35.4,185,
Honda,Civic,2022,Petrol,36.5,178,
Renault,Megane,2023,Hybrid,56.2,150,
Honda,Jazz,2018,Electric,,0,242
Hyundai,Kona,2018,Electric,,0,237
Peugeot,3008,2018,Diesel,55.8,162,
Renault,Megane,2016,Diesel,33.2,184,
Honda,Accord,2017,Hybrid,53.5,160,
Hyundai,Tucson,2016,Petrol,49.0,174,
Tesla,Model S,2012,Petrol,37.8,175,
Nissan,Micra,2016,Hybrid,37.4,174,
Hyundai,Tucson,2016,Petrol,50.8,158,
Mercedes,E Class,2015,Diesel,28.7,192,
Ford,Fiesta,2008,Electric,,0,160
Tesla,Model Y,2023,Diesel,40.4,171,
Mercedes,C Class,2010,Hybrid,35.2,188,
Toyota,Prius,2021,Hybrid,38.4,187,
Tesla,Model S,2013,Electric,,0,194
Peugeot,208,2008,Petrol,48.0,163,
Nissan,Micra,2024,Diesel,69.6,142,
Honda,Civic,2018,Petrol,44.0,165,
Skoda,Fabia,2017,Diesel,54.1,167,
Peugeot,308,2021,Diesel,33.5,176,
Volkswagen,Polo,2018,Electric,,0,121
BMW,1 Series,2015,Diesel,36.0,182,
Kia,Ceed,2016,Hybrid,50.5,156,
BMW,3 Series,2020,Hybrid,66.6,152,
Skoda,Octavia,2017,Petrol,38.9,176,
Nissan,Micra,2019,Diesel,49.2,166,
Mercedes,C Class,2015,Hybrid,50.7,164,
Hyundai,Tucson,2019,Petrol,47.3,168,
Hyundai,Ioniq,2012,Petrol,56.1,161,
Skoda,Scala,2023,Petrol,51.8,162,
Hyundai,Kona,2022,Diesel,52.3,158,
Toyota,Yaris,2016,Hybrid,55.5,149,
Audi,Q3,2010,Diesel,30.2,196,
Nissan,Leaf,2017,Diesel,58.1,165,
Mercedes,A Class,2019,Electric,,0,217
Nissan,Qashqai,2020,Petrol,68.1,137,
Volvo,XC40,2011,Petrol,45.0,175,
Honda,Civic,2008,Electric,,0,238
Mercedes,E Class,2021,Diesel,59.5,151,
BMW,3 Series,2011,Petrol,49.8,173,
Peugeot,208,2015,Petrol,28.2,190,
Skoda,Octavia,2015,Hybrid,40.3,170,
Volvo,V40,2012,Diesel,38.5,182,
Audi,Q3,2018,Petrol,64.1,149,
Tesla,Model S,2016,Petrol,64.8,156,
Mercedes,E Class,2021,Diesel,30.0,189,
Tesla,Model Y,2018,Hybrid,42.3,167,
Hyundai,Kona,2015,Hybrid,39.5,182,
Peugeot,208,2021,Electric,,0,262
Hyundai,Ioniq,2020,Petrol,37.5,187,
Volvo,XC40,2010,Diesel,51.6,160,
Kia,Sportage,2009,Hybrid,33.5,187,
Hyundai,Ioniq,2023,Petrol,64.4,157,
Honda,Civic,2011,Hybrid,54.8,163,
Skoda,Octavia,2020,Electric,,0,261
Audi,A3,2020,Diesel,52.6,159,
Peugeot,308,2022,Petrol,67.7,152,
Peugeot,208,2019,Petrol,32.4,189,
Toyota,Camry,2021,Petrol,35.1,182,
Honda,Accord,2018,Petrol,61.9,154,
Nissan,Qashqai,2013,Hybrid,37.1,180,
Volkswagen,Passat,2009,Diesel,51.5,169,
Toyota,Corolla,2021,Petrol,51.0,156,
Honda,Jazz,2022,Petrol,54.6,162,
Nissan,Micra,2023,Petrol,50.2,155,
Skoda,Fabia,2017,Petrol,59.2,161,
Peugeot,208,2011,Electric,,0,254
Volkswagen,Golf,2014,Diesel,35.2,187,
Ford,Puma,2020,Diesel,39.3,172,
Volvo,V40,2009,Petrol,38.7,168,
Toyota,Prius,2010,Diesel,42.4,174,
Volvo,V40,2024,Electric,,0,178
Honda,Jazz,2023,Petrol,67.4,141,
Hyundai,Tucson,2009,Petrol,51.5,157,
Volkswagen,Passat,2020,Electric,,0,196
Volkswagen,Passat,2015,Diesel,59.3,155,
Tesla,Model Y,2012,Hybrid,48.1,171,
Audi,A4,2011,Diesel,54.3,165,
Kia,Niro,2018,Petrol,41.4,174,
Audi,Q3,2020,Diesel,55.9,150,
Kia,Niro,2015,Hybrid,28.2,193,
Mercedes,C Class,2020,Petrol,29.9,183,
Audi,A3,2011,Petrol,32.3,185,
Tesla,Model 3,2008,Petrol,44.4,176,
Volvo,XC40,2008,Petrol,35.7,188,
Peugeot,208,2024,Petrol,43.1,168,
Nissan,Leaf,2010,Petrol,34.1,188,
Audi,A3,2015,Hybrid,46.0,168,
Volkswagen,Polo,2008,Electric,,0,205
Volvo,S60,2020,Hybrid,40.5,181,
Volvo,S60,2012,Petrol,48.8,165,
Volkswagen,Polo,2018,Petrol,54.3,161,
Honda,Accord,2020,Petrol,58.2,164,
Honda,Jazz,2013,Hybrid,49.0,165,
Skoda,Octavia,2022,Hybrid,59.4,161,
Renault,Clio,2023,Petrol,40.2,168,
Tesla,Model S,2010,Diesel,46.9,169,
Peugeot,3008,2021,Diesel,58.9,163,
Hyundai,Tucson,2010,Petrol,35.3,174,
Kia,Ceed,2020,Electric,,0,204
Renault,Clio,2011,Petrol,35.2,181,
Kia,Sportage,2015,Diesel,43.2,174,
Hyundai,Ioniq,2019,Electric,,0,243
Ford,Puma,2021,Electric,,0,141
Ford,Fiesta,2019,Petrol,44.0,171,
Nissan,Leaf,2022,Hybrid,44.5,161,
Skoda,Octavia,2008,Hybrid,48.0,160,
Toyota,Corolla,2015,Diesel,46.4,167,
Toyota,Corolla,2022,Petrol,43.4,175,
Toyota,Corolla,2021,Petrol,60.0,152,
Toyota,Corolla,2021,Petrol,54.7,164,
Ford,Focus,2010,Diesel,53.5,158,
Ford,Focus,2014,Diesel,38.6,178,
Ford,Focus,2018,Diesel,51.7,160,
Ford,Focus,2022,Diesel,62.5,147,
Tesla,Model 3,2010,Hybrid,35.0,173,
Tesla,Model 3,2019,Hybrid,47.4,160,
Tesla,Model 3,2020,Diesel,47.7,175,
Tesla,Model 3,2013,Diesel,42.0,170,
Nissan,Leaf,2022,Diesel,66.0,147,
Nissan,Leaf,2014,Hybrid,61.7,152,
Nissan,Leaf,2023,Diesel,62.9,142,
Nissan,Leaf,2008,Hybrid,29.8,181,
Hyundai,Ioniq,2017,Petrol,46.4,174,
Hyundai,Ioniq,2024,Petrol,36.2,186,
Hyundai,Ioniq,2019,Diesel,58.8,154,
Hyundai,Ioniq,2014,Electric,,0,146
